Confounder,Confounding_Strength,Corr_Confounder_Sweat,Corr_Confounder_Blood,Sample_Size,Causal_Adjustment_Benefit
Gender,0.09354934049070188,-0.19341688544312519,-0.48366687467010394,115,3.856349743642622
Fat%,0.023618605007685922,0.05060385080690568,0.4667353300405904,115,0.0
Age,0.022011470115666742,-0.06896455529467459,0.3191707685435689,115,1.5636539194042132
HbA1c,0.006862106292747255,-0.14820270297998536,0.04630216692926293,115,0.04361490350251758
BMI,0.000243144631209097,-0.03464199957028723,-0.007018781658829084,115,0.0031328102130407085
Blood Pressure,8.576726408894569e-05,0.003401650432783461,-0.02521342677141728,115,0.0
