Confounder,Confounding_Strength,Corr_Confounder_Sweat,Corr_Confounder_Blood,Causal_Adjustment_Benefit,Absolute_R2_Improvement
Gender,0.09354934049070175,-0.08012300332666808,-0.48366687467010355,3.856349743642622,0.22866401211659815
Age,0.03476209385184912,0.01997461076145185,0.31917076854356835,1.5636539194042132,0.09271757038174555
Fat%,0.023618605007685915,0.021967090415982733,0.4667353300405905,0.0,0.0
HbA1c,0.006862106292747242,-0.04564421793078276,0.04630216692926287,0.04361490350251758,0.0025861655414955997
Blood Pressure,0.005551355542052372,-0.10838646264773877,-0.025213426771417254,0.0,0.0
BMI,0.00032431493859106774,0.005782364470610455,-0.007018781658829076,0.0031328102130407085,0.00018576140654635864
