Confounder,R2_Simple,R2_Adjusted,R2_Improvement,AbsoluteImprovement,SampleSize
BMI,0.05929545485171872,0.05948121625826508,0.0031328102130407085,0.00018576140654635864,115
Age,0.05929545485171872,0.15201302523346427,1.5636539194042132,0.09271757038174555,115
Gender,0.05929545485171872,0.28795946696831687,3.856349743642622,0.22866401211659815,115
HbA1c,0.05929545485171872,0.06188162039321432,0.04361490350251758,0.0025861655414955997,115
BloodPressure_H,0.05929545485171872,0.05993550472102027,0.010794248410812194,0.0006400498693015511,115
FatPercent,0.05929545485171872,0.2737256475796276,3.61630066358608,0.21443019272790886,115
